{"world1":{"1-1":15.31,"1-10":17.49,"1-11":false,"1-12":false,"1-2":14.3,"1-3":21.66,"1-4":18.799999,"1-5":11.9,"1-6":11.26,"1-7":13.88,"1-8":11.4,"1-9":12.23},"world2":{"2-1":false,"2-10":false,"2-11":false,"2-12":false,"2-2":false,"2-3":false,"2-4":false,"2-5":false,"2-6":false,"2-7":false,"2-8":false,"2-9":false},"world3":{"3-1":27.200001,"3-10":false,"3-11":false,"3-12":false,"3-2":false,"3-3":false,"3-4":false,"3-5":false,"3-6":false,"3-7":false,"3-8":false,"3-9":false}}

e}}
e}}

